782ae15cdb8abd84d12ce6085491d072,Law,"Constitutional Law,Supreme Court,Legal History,Judicial Review","SupremeCourt,ConstitutionalLaw,LandmarkCases,JudicialReview,ChiefJustice,LegalHistory,CivilRights",General
4fc50bf9d5025f322feddb8bdb8bdff5,Self-Help,"Mindfulness,Acceptance,Letting Go,Spirituality","Minimalism,StressRelief,Happiness,Mindset,SpiritualJourney,LettingGo,InnerPeace,Acceptance",General
ade9d18f8c38dee95ba0adbf6a50e366,Cybersecurity,"Network Security,Information Security,Cybersecurity Basics,Security Protocols","Firewalls,Encryption,Malware,NetworkSecurity,CyberThreats,RiskManagement,SecurityPolicies,Authentication",Professional
d6935b45d6d076b4a467ffd617a0d5b3,Business,"Human Resources,Employment Law,Workplace Conflict,Employee Relations","Investigations,Harassment,Discrimination,EmployeeRights,Compliance,LegalProcedure,HRManagement,Whistleblower",Professional
4ec82760b6942f8364fe77e1e5b5ac0c,Literature,"Drama,Poetry,English Literature,Elizabethan Era","Plays,Sonnets,Hamlet,Macbeth,RomeoAndJuliet,Tragedy,Comedy,Theater",General
9d38177228649c435287b859fec2f86d,Health,"Cancer,Men's Health,Oncology,Patient Care","ProstateCancer,TreatmentOptions,EarlyDetection,MedicalAdvice,PatientSupport,CancerManagement,Diagnosis,Wellness",General
5e0130c69ed59c91a2b21e0645ec3d50,Travel,"Europe,Balkan Travel,Adventure Travel,Cultural Tourism","Montenegro,TravelGuide,Destinations,Culture,Nature,History,Accommodation,Itinerary",General
9bb2cf5ff880e7fbd35771b57d48c670,Self-Help,"Parenting,Child Development,Character Education,Family Values","ParentingTips,ChildRearing,Values,Discipline,Respect,Responsibility,Family,CharacterBuilding",General
47d16b1f6d4154622bc86171054322b1,Health,"Fitness,Endurance Training,Triathlon,Sports Performance","TriathlonTraining,Running,Swimming,Cycling,Marathon,Nutrition,WorkoutPlans,AthleticPerformance",Enthusiast
7dfb9e89abc64fed81f8d815fe009a9c,Biology,"Entomology,Biodiversity,Taxonomy,Zoology","Dragonflies,InsectIdentification,SpeciesKey,Odonata,Morphology,ScientificIllustration,FieldGuide,NaturalHistory",Academic
9caf9480c72a2ad49280106dc8b535c0,Engineering,"Building Construction,Woodworking,Home Improvement,Cabin Design","CabinBuilding,ConstructionTechniques,RusticLiving,Carpenter,Blueprints,Foundation,Roofing,InteriorFinishing",Enthusiast
adc25504a6c973442fb9fce8df5a1c98,Business,"Entrepreneurship,Small Business,Process Improvement,Automation","BusinessAutomation,SystemProductivity,Efficiency,Delegation,Scalability,OperationsManagement,Growth",Enthusiast
953a5301d6825a5bb50d7c0e33692a33,Business,"Project Management,Leadership,Agile,Risk Management","Planning,Scheduling,Budgeting,TeamManagement,PMP,StakeholderCommunication,WorkBreakdownStructure,CriticalPath",Professional
e2608aafd1a840afa65b29638a8c72b0,History,"Secret Societies,Conspiracy Theories,Political History,Esotericism","Illuminati,Freemasons,NewWorldOrder,CoverUps,AllegedPlots,AncientSecrets,Cults,MysticalGroups",General
9c6e70bf10966f681acf875d30470ee3,Engineering,"Construction Standards,Building Codes,Quality Control,Residential Building","HomeConstruction,ContractorGuidelines,BuildingPerformance,Inspection,DefectPrevention,Warranty,ProjectSpecification,CodeCompliance",Professional
669d534324773d8c3802a1169b0ecc7e,Cybersecurity,"Ethical Hacking,Penetration Testing,Network Security,Certification","CEH,Cybersecurity,HackingTools,VulnerabilityAssessment,PenTesting,Footprinting,SocialEngineering,Cryptography",Professional
711cf2c7c4aafdd6bc82318885fc5ba7,Business,"Online Marketing,E-commerce,Product Launch,Entrepreneurship","LaunchStrategy,OnlineSales,EmailMarketing,FunnelBuilding,DigitalProducts,BrandBuilding,CustomerAcquisition,ProductPositioning",Enthusiast
3483597cca0964d76a15849e092a4890,Literature,"American Literature,Gothic Fiction,Poetry,Short Stories","Horror,Mystery,TheRaven,TellTaleHeart,AnnabelLee,PoeWorks,DarkRomanticism,Symbolism",General
0146aae6d1e6a712f321b8aa1c260a5c,Marketing,"Social Media,Digital Marketing,Branding,Content Strategy","Twitter,SocialMediaStrategy,Engagement,Hashtags,InfluencerMarketing,PersonalBrand,Networking,ViralContent",Enthusiast
e1586208b53ba71500b3fb0a2dd1acdb,Literature,"Detective Fiction,English Literature,Mystery,Short Stories","SherlockHolmes,ArthurConanDoyle,DetectiveWork,London,CrimeSolving,VictorianEra,Sidekick,Deduction",General
e663aa75cb3eaadc05eba4b4bd659a5d,Religion,"Christian Life,Masculinity,Spiritual Growth,Men's Ministry","MenSoul,ChristianFaith,Adventure,Heart,Battle,Beauty,Wilderness,GodCall",General
b76355bedcf7ec52a502608bfd9b07ed,Marketing,"Small Business Marketing,Branding,Advertising,Customer Retention","MarketingTips,DIYMarketing,BudgetStrategy,LocalBusiness,Networking,OnlinePresence,Referrals,LowCostMarketing",Enthusiast
aa1c1bebe00f41f550792206d7837095,Self-Help,"Time Management,Productivity,Lifestyle Design,Remote Work","Automation,Outsourcing,Efficiency,Minimalism,Travel,PassiveIncome,WorkLifeBalance,Freedom",Enthusiast
13de6add685added3cb1f929a1d4f6a7,Computer Science,"Programming Languages,C++ Development,Software Development,Syntax","C++,ObjectOriented,DataTypes,Functions,Pointers,Classes,STL,Templates",Enthusiast
98b6d2d4856d8e9ffbd018057342d97d,History,"Border Studies,Drug War,Latin American History,US-Mexico Relations","Drugs,Violence,Immigration,Cartels,BorderPatrol,NAFTA,HumanTrafficking,SocialConflict",General
9e845ce9983a10351075294fe23ef56b,Language,"Creative Writing,Self-Expression,Productivity,Writing Tips","WritingProcess,Creativity,OvercomingProcrastination,AuthorMindset,Journaling,Editing,Storytelling,Inspiration",General
83122ea52c20f0d0cc9155e6f6251a31,Politics,"Corporate Power,Antitrust,Consumer Rights,Ethical Consumption","Amazon,Monopoly,LaborRights,IndependentBusiness,Boycott,MarketDominance,WorkerConditions,RegulatoryAction",General
294704c0b9018fea6a469d63f8722c22,Language,"Yiddish,Jewish Culture,Linguistics,Idioms","YiddishWords,JewishHumor,Expressions,Etymology,CulturalHeritage,Ashkenazi,Translation,Slang",General
a9c37b22f92fdbcec3963a9e6c1308dd,Philosophy,"Ancient Greek Philosophy,Metaphysics,Ethics,Logic","Aristotle,Plato,CauseAndEffect,Virtue,Politics,NicomacheanEthics,Soul,Categories",Academic
198f48aa6b9479de3448bc75d8041df4,Education,"Classroom Management,Child Psychology,Pedagogy,Behavior Modification","Discipline,TeachingStrategies,StudentEngagement,Respect,ClassroomCommunity,ProblemSolving,SocialSkills,Empathy",Professional
8cd8a31bdbedc281caa38e23b20ca75b,Self-Help,"Personal Finance,Life Purpose,Wellness,Mindset","FinancialFreedom,Resilience,LifeLessons,GoalSetting,AbundanceMindset,CareerChange,WealthBuilding,Spirituality",General
8232b4dd12cc65e0a038af5dc5a2abfc,Computer Science,"Hardware,Single-Board Computers,Programming,DIY Electronics","RaspberryPi,Python,GPIO,ArduinoAlternative,Linux,HomeAutomation,Projects,Coding",Enthusiast
508de25228286aa553966e6f5a8e573b,Computer Science,"Web Development,Python,Django Framework,Software Engineering","Django,PythonWeb,WebApp,Models,Views,Templates,RESTful,Deployment",Professional
d1c13f2f2934291ed0475dfe957a58e9,Self-Help,"Parenting,Teen Guidance,Communication,Character Development","DaughterParenting,Conversations,Adolescence,Values,Faith,SelfEsteem,Relationships,Purity",General
becf557840a43adf8d98f2ce70e43ff4,Engineering,"Electrical Wiring,Home Improvement,Safety,Smart Home","Wiring,ElectricalCode,CircuitBreaker,OutletInstallation,Lighting,Generator,Thermostat,GFCI",Enthusiast
72ce4b7f325e3bfe97dfe6bb9f0e1d58,Health,"Gardening,Herbalism,Nutrition,Indoor Plants","HerbGardening,Basil,Mint,RoseMary,IndoorGarden,PlantCare,Harvesting,CookingWithHerbs",General
fb9a1ef0f21915364423a5e86bf9a46e,History,"American History,Abolitionism,Social Movements,Eighteenth Century","AnthonyBenezet,SlaveTrade,Quaker,Abolitionist,Activism,HistoricalDocuments,ColonialAmerica,HumanRights",Academic
1111dd133caced05b12f4fa17d5c5a17,Religion,"Buddhism,Meditation,Mindfulness,Spirituality","ThichNhatHanh,MindfulBreathing,LovingKindness,Healing,Zen,InnerPeace,GuidedMeditation,Compassion",General
96a9335650746c10596476515ea1bf39,Medicine,"Epidemiology,Public Health,Biostatistics,Disease Surveillance","StudyDesign,RiskFactors,CausalInference,Outbreak,StatisticalMethods,CohortStudy,CaseControl,PopulationHealth",Academic
813b7553ffcf6ec823bb413b5d5bda47,Religion,"Christian Prayer,Spiritual Warfare,Theology,Intercession","CourtsOfHeaven,Prayer,LegalRights,Faith,Deliverance,JudicialProcess,GodWill,Prophecy",General
9b736f8fefb854be4623896e1631001d,Investing,"Personal Finance,Women's Wealth,Retirement Planning,Financial Literacy","FinancialPlanning,Savings,InvestmentStrategies,WealthBuilding,Budgeting,Retirement,WomenInvesting,SmartMoney",General
d6a11ce877ff1c7101503911a535890f,Psychology,"Child Psychology,Psychopathology,Clinical Cases,Developmental Disorders","ADHD,Anxiety,Depression,Autism,BehaviorDisorders,Diagnosis,Treatment,CaseStudies",Professional
2ceefcaf0246d0678d2c09d5bbe1d9d3,Anthropology,"Biological Anthropology,Human Evolution,Primatology,Genetics","Evolution,HumanOrigins,PrimateBehavior,FossilRecord,DNA,Adaptation,Forensics,PopulationGenetics",Academic
ded5857e819c81ead325ff8b457a7650,Environmental Science,"Greenhouse Gardening,Sustainable Agriculture,Horticulture,Plant Cultivation","Greenhouse,TemperatureControl,Irrigation,Soil,Composting,PestControl,SeasonExtension,Hydroponics",Enthusiast
03c528d58193d174332d6d7b1e2732aa,Literature,"Detective Fiction,English Literature,Mystery,Short Stories","SherlockHolmes,DetectiveStories,London,Victorian,DrWatson,Mystery,Crime,Deduction",General
127a5d015577c09cb6c8b2dbaf9cac9e,Art,"DIY Crafts,Digital Cutting,Design Software,Branding","CricutMachine,Silhouette,CuttingPlots,VinylProjects,CraftDesign,Decals,HeatTransfer,SoftwareTutorial",Enthusiast
006fcd6dbd10b37face87dcbe4f8e975,Biology,"Microbiology,Cell Biology,Experiments,Scientific Method","Cells,Bacteria,Fungi,Yeast,Microscopy,Experiments,Hypothesis,Observations",Enthusiast
733f9dc71f6e19f5f19145f4ca892dae,Health,"Autism Spectrum,Behavioral Therapy,Communication Skills,Parenting","Autism,SensoryProcessing,Diet,Therapies,SocialSkills,Communication,BehavioralInterventions,HolisticHealth",General
347bf206eb52fa6cf5338821779c5cd5,Environmental Science,"Ecology,Ecosystems,Biodiversity,Environmental Science","FoodWebs,Biomes,Habitats,SpeciesInteraction,EnergyFlow,Conservation,Pollution,ScientificMethod",Enthusiast
4761704f8ec8acc80a79eb6c066b2b81,Environmental Science,"Geology,Meteorology,Oceanography,Scientific Method","Rocks,Volcanos,Erosion,Weather,Climate,WaterCycle,PlateTectonics,EarthStructure",Enthusiast
6ebe98eb43129b10ea908e9d422dec76,Environmental Science,"Meteorology,Atmospheric Science,Climate,Weather Patterns","Clouds,Precipitation,Storms,Temperature,AirPressure,Humidity,Wind,WeatherForecasting",Enthusiast
acb6ab83a65d9cc88c470633498ba1a9,Language,"Creative Writing,Publishing,Manuscript Preparation,Literary Agents","NovelWriting,Plotting,CharacterDevelopment,QueryLetter,Submission,Editing,PublishingIndustry,AuthorAdvice",Enthusiast
b95b5f4b07c12de7e3f96426307718fd,Investing,"Real Estate Investing,Rental Income,Passive Income,Financial Independence","RentalProperties,Landlord,PropertyManagement,CashFlow,FIRE,RealEstateMarket,Financing,WealthBuilding",Enthusiast
df2062846e7641d9e7e49f2ea7119454,Physics,"Physics Experiments,Electromagnetism,Circuits,Scientific Method","Electricity,Magnetism,OhmLaw,Batteries,Motors,Conductors,MagneticFields,Current",Enthusiast
cddda53fa8b1c9025073af7cca306d8f,Environmental Science,"Ecology,Pollution,Conservation,Sustainable Science","WaterQuality,AirPollution,WasteManagement,Recycling,ClimateChange,GreenEnergy,Biodiversity,Experiments",Enthusiast
770fa9606705772704719bdf9acdad1f,Environmental Science,"Earth Science,Geology,Geography,Environmental Studies","EarthStructure,Landforms,Fossils,Minerals,NaturalDisasters,ContinentalDrift,Soil,Erosion",Enthusiast
126c21fd311ffa9ecd299fab956f676e,Biology,"Botany,Zoology,Ecology,Life Sciences","Plants,Animals,Adaptations,Habitats,FoodChains,LifeCycles,Photosynthesis,InheritedTraits",Enthusiast
d68d56c243884e0369f99c03385564a9,Computer Science,"Web Development,CSS,Front-End Development,Design","CSS3,Layout,Flexbox,Grid,ResponsiveDesign,Animations,Selectors,Stylesheets",Professional
b25c0e73d099f23b0adbc2ebf1ef4fb5,Environmental Science,"Hydrology,Water Chemistry,Aquatic Science,Scientific Method","WaterCycle,Purity,Filtration,SurfaceTension,Density,Solutions,Evaporation,Condensation",Enthusiast
c00d203f492c3576ea64727ffe07f64c,Biology,"Genetics,Evolution,Heredity,DNA","Genes,Chromosomes,Mendel,PunnettSquare,NaturalSelection,Mutation,DNAExtraction,Pedigree",Enthusiast
7eb300e390f94217441e1159a71acf46,Physics,"Mechanics,Forces,Motion,Scientific Method","NewtonLaws,Gravity,Friction,Acceleration,Momentum,Energy,Projectile,SimpleMachines",Enthusiast
63e8f4bc050edb19f27f7cd523bc61bf,Engineering,"Mechanical Engineering,Diesel Engines,Automotive Repair,Troubleshooting","DieselEngine,FuelSystem,Compression,Ignition,Emissions,Parts,Maintenance,DiagnosticProcedures",Professional
f5489fe2044a11a231fd0b05a8fc7236,Chemistry,"Polymer Chemistry,Materials Science,Organic Chemistry,Scientific Method","Polymers,Plastics,Synthesis,Properties,Recycling,MolecularStructure,Thermoplastics,Experiments",Enthusiast
36c16e7fabbf720426fd2b1d8a39a453,Chemistry,"Organic Chemistry,Functional Groups,Reactions,Laboratory Techniques","Hydrocarbons,Alcohols,Esters,Distillation,Chromatography,CarbonCompounds,Bonding,Reactions",Enthusiast
5f4b4d847bd23fb862798d966a9352cb,Literature,"Poetry,American Literature,Gothic,Illustrated","Poe,Poems,Raven,Lenore,AnnabelLee,ToHelen,Symbolism,DarkRomanticism",General
cfab3d38f9599d0cacb1497980785a3d,Law,"Constitutional Law,Supreme Court,Judicial Process,American Government","SupremeCourt,ChiefJustice,LandmarkDecisions,JudicialReview,SeparationPowers,Federalism,CivilLiberties,LegalHistory",Academic
193e15159b538b7eb7b6c36b40d5c0e3,Cybersecurity,"Network Security,Information Security,Cybersecurity Basics,Security Protocols","Firewalls,Encryption,Malware,NetworkSecurity,CyberThreats,RiskManagement,SecurityPolicies,Authentication",Professional
a8e088a6358c0498389de83df3a2f0c7,Computer Science,"Linux Administration,Server Management,System Administration,Networking","Ubuntu,CommandLine,DHCP,DNS,Apache,MySQL,Security,Virtualization",Professional
ac30c0b2217daabba87e207fb8eb1bc5,Self-Help,"Leadership,Self-Discovery,Career Development,Purpose","AuthenticLeadership,Values,Vision,EmotionalIntelligence,Purpose,PersonalGrowth,Reflection,Impact",Enthusiast
6c64906896891eafcf67364c2fecfeae,Literature,"Humor,Essays,Autobiography,Comedy","GrouchoMarx,MarxBrothers,Comedy,Wit,Satire,ShowBusiness,Vaudeville,HumorousStories",General
29f3185e9692d9a49a013707c1605cde,Business,"Entrepreneurship,Product Development,Intellectual Property,Licensing","Inventing,Licensing,Ideas,Prototyping,Patent,Marketing,Royalties,Creativity",Enthusiast
ae6698064c853aebf3f03133ac50dfcd,Health,"Energy Healing,Holistic Health,BodyMind,Wellness","EnergyField,Meridians,Chakra,Acupressure,Reiki,VibrationalHealing,QiGong,SelfCare",General
a7a7d877cdff0727b49624bf968a2451,Health,"Pediatrics,Sleep Health,Child Development,Parenting","SleepTraining,InfantSleep,ToddlerSleep,CircadianRhythm,BedtimeRoutine,SleepProblems,Naps,Safety",General
b14ea44f3cf523b9f7c10fc29717f189,Engineering,"Mechanical Engineering,Mechanisms,Machine Design,Motion","Gears,Cams,Linkages,Springs,Clutches,Bearings,GearTrains,Actuators",Professional
04879e45da449809ba729829412bfc42,Self-Help,"Manners,Social Skills,Etiquette,Personal Development","Politeness,Grace,Poise,Relationships,Communication,TableManners,Dressing,SocialProtocol",General
f7b259a9b0ddd7da489dfcb9f4d0c383,Art,"Art History,Renaissance,Mannerism,European Art","ElGreco,Painting,Byzantine,SpanishRenaissance,ReligiousArt,Portraits,Color,Composition",General
aabaa4dc9314810d146247a91cf10be2,Marketing,"Service Marketing,Strategic Planning,Customer Experience,Brand Management","MarketingStrategy,ServicesMarketing,CustomerLoyalty,MarketResearch,Segmentation,Positioning,ServiceDesign,Metrics",Professional
1cfe3d6566f1e8ad8a8eb9daa43f7152,Artificial Intelligence,"Deep Learning,Neural Networks,TensorFlow,Keras","CNNs,RNNs,TransferLearning,GenerativeModels,ComputerVision,NLP,GPUComputing,ModelDeployment",Professional
515e72dac3d0dbd1bdf7d9ae0aa4ecd0,Computer Science,"Linux,Command Line,System Administration,Shell Scripting","Bash,Kernels,FileManagement,Permissions,Networking,Processes,Daemons,Utilities",Professional
890549aa7935b83e11e1da818d1d36b5,Investing,"Value Investing,Stock Market,Financial Analysis,Risk Management","BenjaminGraham,ValueInvesting,IntrinsicValue,MarginOfSafety,FinancialStatements,MarketCycles,PortfolioManagement,EarningsYield",Professional
b8d95977a2c51b5cbbdbaef1f02a78e0,Medicine,"Internal Medicine,Clinical Practice,Diagnostics,Pathology","MedicalReference,Symptoms,Treatment,DiseaseManagement,OrganSystems,Pharmacology,Examination,Guidelines",Professional
d48193365f0fe0c56995261253c60150,Language,"Italian Language,Grammar,Vocabulary,Exercises","Conjugation,Verbs,Articles,Prepositions,SentenceStructure,Tenses,Adjectives,Pronouns",Enthusiast
3ed7d413fe6dc8e4f5293e5053192f6b,Health,"Emergency Preparedness,First Aid,Self-Reliance,Disaster Survival","EmergencyKit,FoodStorage,WaterPurification,Shelter,Communication,Safety,Evacuation,WildernessSkills",General
0eb9783289a18274162544aef95c4b2a,Law,"Occupational Health,Safety Regulations,Legal Compliance,Risk Assessment","NEBOSH,WorkplaceSafety,Legislation,EmployerDuty,AccidentInvestigation,HazardControl,Policy,Enforcement",Professional
cf4ce17d97f387720a2cd9c23a38ad1c,Self-Help,"Teen Psychology,Parenting,Mental Health,Communication","Adolescence,Anxiety,Depression,PeerPressure,SocialMedia,FamilyDynamics,CopingStrategies,Resilience",General
70fb613643ccf8e282c1617ec7cffdda,Cybersecurity,"Information Security,Certification,Risk Management,Security Governance","CISSP,SecurityDomains,AccessControl,Cryptography,NetworkSecurity,SecurityAssessment,Legal,DisasterRecovery",Professional
afe950dabf8d768d602e26fd6cfc6c01,Self-Help,"Homesteading,Self-Reliance,Handicrafts,Traditional Skills","Canning,Gardening,Baking,Carpentry,Sewing,Livestock,OffGrid,Sustainability",General
5563e7b9bcefef313971e705214c071c,Art,"Digital Photography,Image Editing,Graphic Design,Software Tutorials","Photoshop,Layers,Retouching,ColorCorrection,Filters,Masks,Compositing,PhotoEnhancement",Enthusiast
4aa9404caaed89b53f10c8616ae7badc,Education,"Educational Reform,Leadership,Change Management,School Improvement","EducationalChange,Fullan,Implementation,Policy,Innovation,Stakeholders,Culture,Sustainability",Academic
c0c32cd18efa545d22ffb96098561769,Health,"Infection Control,Dentistry,Public Health,Safety Protocols","Sterilization,HandHygiene,BarrierTechniques,Disinfection,OSHA,CDC,DentalPractice,PatientSafety",Professional
ad0eda7042fbffe44da8a3fe13198899,Engineering,"Aviation,Military Aircraft,Stealth Technology,History","SR71,Reconnaissance,Speed,Blackbird,Pilots,ColdWar,Design,Performance",Enthusiast
6d6bae402baf92fabd6e598eb1b50fdf,History,"British Empire,Colonialism,Imperialism,Modern History","Empire,Colonization,Decolonization,Race,Globalization,Trade,Governance,Resistance",Academic
73af0208ec28e63327bdc89fbcf98d71,Literature,"Detective Fiction,Mystery,English Literature,Short Stories","SherlockHolmes,DrWatson,Crime,Deduction,221BBakerStreet,ConanDoyle,VictorianLondon,Mystery",General
ebde666bd719e56594dd8be8776f058d,Self-Help,"Survival Skills,Wilderness,Emergency Preparedness,Outdoor Skills","Shelter,WaterProcurement,FireMaking,Navigation,FirstAid,EdiblePlants,Escape,SurvivalGear",General
2b1616e803ff2094bd7f5f4635adec17,History,"Economic History,Class Struggles,American Politics,Social Inequality","MiddleClass,Debt,Inequality,Politics,Labor,Welfare,Capitalism,RightwingPopulism",Academic
4e23083695d0b3f7d2936e1a37c8b7b0,Politics,"Political Theory,Social Movements,Revolution,Anarchism","Insurrection,PoliticalActivism,Argentina,Crisis,Capitalism,CollectiveAction,Democracy,Autonomy",Academic
8b187433c7c40bd6396477aca151480d,Art,"Modern Art,Portraiture,Italian Art,Sculpture","Modigliani,Expressionism,Nude,PaintingStyle,Sculpture,ParisSchool,Portraits,Cubism",General
1df34287ba1f5e8fe2c6a9a405d6a181,Literature,"Detective Fiction,Book Guides,Author Study,Canadian Literature","LouisePenny,ArmandGamache,Mystery,ReadingOrder,BookList,Series,Characters,Quebec",General
ab04d9f11bc4a238886e876732390868,Art,"Renaissance Art,Dutch Painting,Religious Art,Symbolism","Bosch,GardenOfEarthlyDelights,Hell,Temptation,Medieval,Iconography,Grotesque,Surrealism",General
b192e3cedd7b35b8b47c035ccbd1cb5e,Computer Science,"Virtualization,Desktop Infrastructure,VDI,Cloud Computing","VMware,Horizon,VirtualDesktops,VMProvisioning,UserProfiles,ApplicationDelivery,PerformanceTuning,DataCenter",Professional
c0e726c120ea60041b611f13634a0441,Medicine,"ClinicalReference,Pharmacology,DrugInformation,MedicalReference","PDR,PrescriptionDrugs,DrugInteractions,Dosages,Pharmaceuticals,MedicalReference,Physicians,Formulary",Professional
460ca305b15ed43eec03656ab79566f5,Literature,"Publishing,Writing,CreativeWriting,LiteraryMarket","Publishing,WritingGuide,LiteraryAgents,QueryLetters,BookProposals,ManuscriptSubmission,FreelanceWriting,ShortStories",Enthusiast
6e34e4a82feba3a75665b9001a88ff02,Economics,"Microeconomics,SupplyDemand,MarketStructures,ConsumerBehavior","Microeconomics,SupplyAndDemand,MarketEquilibrium,Elasticity,ProductionCosts,MarketStructures,ConsumerChoice,PriceTheory",Academic
27b37778dd91d172adcfe9911039d2e4,Economics,"Macroeconomics,NationalIncome,MonetaryPolicy,FiscalPolicy","Macroeconomics,GDP,Inflation,Unemployment,FiscalPolicy,MonetaryPolicy,InternationalTrade,EconomicGrowth",Academic
9c0f571535962b1fcd0a83d059109884,Medicine,"USMLEPreparation,MedicalExams,ClinicalKnowledge,BasicSciences","USMLE,Step1,MedicalBoards,ClinicalVignettes,Pharmacology,Pathology,Microbiology,Biochemistry",Professional
6f5d65c5ac36b69ef205478109763819,Medicine,"Pharmacology,ClinicalPharmacology,DrugMechanisms,Therapeutics","Pharmacology,DrugClasses,Pharmacokinetics,Pharmacodynamics,ClinicalTrials,Prescribing,AdverseEffects,MedicationManagement",Professional
914d8c0fca5cd5db77583272b9ae4253,Politics,"ParliamentaryProcedure,MeetingManagement,OrganizationalGovernance,RulesOfOrder","RobertRules,ParliamentaryProcedure,Motions,Voting,Committees,Chairman,Debate,Quorum",Enthusiast
9dd759c9ec10a14c9f4f766b55615670,Medicine,"MedicalMicrobiology,Bacteriology,Virology,Mycology","MedicalMicrobiology,Bacteria,Viruses,Fungi,Pathogenesis,Immunology,Antimicrobials,LaboratoryDiagnosis",Professional
79402c9b1f42c46bc8d2b5773aa31582,Mathematics,"ProblemSolving,MathematicalPuzzles,Competitions,RecreationalMath","Mathematics,FestivalOfMathematics,ProblemSolving,Puzzles,CompetitionMath,NumberTheory,Geometry,Combinatorics",Enthusiast
f3579e2653351cebead7178eb5063ba5,Health,"Cooking,Baking,Recipes,Nutrition","Cooking,BettyCrocker,Recipes,Baking,MealPlanning,Nutrition,KitchenTechniques,FoodPreparation",General
8bccee0547a6487aa2e52f93fa34d4cc,Business,"CompensationManagement,EmployeeBenefits,HumanResources,PayStructure","Compensation,Salary,Benefits,HRM,JobEvaluation,Incentives,VariablePay,LegalCompliance",Professional
27017da6f698a57b4febafb9b7254f0c,Business,"FinancialAccounting,Consolidations,IntercorporateInvestments,AdvancedAccountingTopics","AdvancedAccounting,Consolidations,ForeignCurrency,HedgeAccounting,PartnershipAccounting,FinancialReporting,Mergers,GAAP",Professional
a08617f155362361f9a0d7908a0f7aab,Engineering,"ElectricalWiring,HomeImprovement,Safety,Circuits","Wiring,Electrical,Safety,Circuits,Outlets,Switches,CodeCompliance,DIY",Enthusiast
5191bc31bcc8455ada95822aad7f5fc0,Business,"AccountingBasics,FinancialStatements,Bookkeeping,BusinessFinance","Accounting,FinancialStatements,BalanceSheet,IncomeStatement,CashFlow,DebitsCredits,Bookkeeping,ManagerialAccounting",Enthusiast
220a5e1db396fae2c2aea9285d30b55d,Business,"Retailing,SupplyChain,Merchandising,CustomerService","Retailing,RetailManagement,Merchandising,SupplyChain,ConsumerBehavior,Pricing,StoreOperations,OmniChannel",Professional
b687ef7374c9cf323601fd3e01c296dc,Medicine,"Immunology,ImmuneSystem,Antibodies,CellularImmunity","Immunology,InnateImmunity,AdaptiveImmunity,TCells,BCells,Antigens,Cytokines,Immunodeficiency",Academic
c8423b819efbe6c8ccb4d1f874d84f4d,Finance,"CreditRepair,PersonalFinance,DebtManagement,ConsumerRights","CreditRepair,CreditScore,Debt,ConsumerLaw,FCRA,IdentityTheft,FinancePlan,Budgeting",General
524fd382ec6291e7e651ebb872a537c1,Engineering,"DeckBuilding,Carpentry,HomeImprovement,OutdoorConstruction","DeckBuilding,Woodworking,Construction,Planning,Permits,Foundations,DeckingMaterials,Stairs",Enthusiast
e6b96ecd3ea61b922b0daae79c22538d,Business,"IntermediateAccounting,FinancialReporting,GAAP,AccountingStandards","IntermediateAccounting,GAAP,FinancialStatements,RevenueRecognition,Leases,Pensions,DeferredTaxes,Bonds",Professional
4219171c4f7aa042b0b626b57afb1c79,Travel,"ItalyTravel,Tourism,CulturalSites,TravelPlanning","Italy,TravelGuide,Destinations,Attractions,Itineraries,Accommodation,Transportation,Cuisine",General
0378cefc3a2a2af7e0baf98500d216a7,Medicine,"InternalMedicine,ClinicalMedicine,Diagnosis,Therapeutics","InternalMedicine,ClinicalMedicine,Diagnosis,Treatment,DiseaseManagement,EvidenceBasedMedicine,PatientCare,Specialties",Professional
3b7ad8a1d65c5237002a873ba7751bf9,Business,"Sales,PartnershipBuilding,CustomerRelations,SalesTechniques","Selling,Partnerships,SalesProcess,ConsultativeSelling,RelationshipBuilding,Negotiation,Closing,CRM",Enthusiast
53b96f06ae1238003bbd5b5d1b624bcf,Biology,"MarineBiology,PacificNorthwest,CoastalEcology,WildlifeIdentification","MarineLife,Whelks,Whales,PacificNorthwest,CoastalEcology,SpeciesIdentification,Habitat,Conservation",General
1c27ab6148b5ec481f0691bcc60d0f44,Business,"LLC,BusinessStructure,CorporateLaw,OperatingAgreement","LLC,OperatingAgreement,BusinessFormation,LegalStructure,Membership,Management,LimitedLiability,StateCompliance",Enthusiast
1b70a4dada62b684fa32c62fab70cf46,Engineering,"PipelineEngineering,OilAndGas,FluidTransport,EngineeringStandards","Pipelines,Engineering,Design,Construction,Maintenance,Safety,Standards,Troubleshooting",Professional
857e18c28208a505025b99f61ef891a6,Business,"Incorporation,CorporateLaw,BusinessPlanning,LegalProcess","Incorporation,CorporateFormation,Bylaws,ArticlesOfIncorporation,Shareholders,Directors,StateFiling,LegalCompliance",Enthusiast
7593a84029e7d852176af1b58b1d3684,Business,"EmployeeManagement,PerformanceIssues,HRPolicies,ConflictResolution","ProblemEmployees,PerformanceManagement,EmployeeDiscipline,ConflictResolution,HR,LegalIssues,Termination,Communication",Professional
4f43efc5b453f2c36203bed4b455865f,Business,"BusinessStatistics,DataAnalysis,Modeling,Analytics","Statistics,DataAnalysis,Regression,HypothesisTesting,SixSigma,QualityControl,BusinessAnalytics,DecisionMaking",Professional
daff9282b2cf93824e3c393640351dd5,Health,"SportsNutrition,Diet,ExercisePerformance,Supplementation","SportsNutrition,Diet,Protein,Carbohydrates,Hydration,Supplements,Recovery,MealPlanning",Enthusiast
a999f70d65049d142c8d7cc4a0386b96,Business,"CorporateRecords,Meetings,Minutes,Resolutions","CorporateRecords,MeetingMinutes,Resolutions,BoardMeetings,ShareholderMeetings,CorporateCompliance,RecordKeeping,LegalDocumentation",Professional
1da386efc1736554749db0ef4528796d,Engineering,"EngineeringFundamentals,ProblemSolving,Design,Math","Engineering,ProblemSolving,Design,BasicMath,Physics,Statics,Dynamics,Materials",Professional
a3ae8efa265e4cbc22be854cfefcaae1,Sociology,"MentalDisorders,MedicalSociology,SocialStigma,MentalHealthPolicy","Sociology,MentalDisorder,Stigma,SocialConstruction,Psychiatry,Medicalization,Treatment,Policy",Academic
cbee35bab25881f825ec68b0a7edbe82,Literature,"CreativeWriting,FictionWriting,WorldBuilding,WritingCraft","Writing,ImaginativeFiction,WorldBuilding,CharacterDevelopment,Plotting,SpeculativeFiction,Exercises,Illustrations",Enthusiast
985a06a4386cc3bb6bcb4635275f0424,Investing,"StockMarket,ShareTrading,InvestingBasics,FinancialMarkets","Shares,StockMarket,Investing,Dividends,TechnicalAnalysis,FundamentalAnalysis,Portfolio,BuyingSelling",Enthusiast
cb6e92c4b3ffc86c6e1e6587e4ea56b5,Business,"BuyoutAgreements,BusinessTransitions,SuccessionPlanning,LegalContracts","Buyout,Agreements,PartnershipExit,SuccessionPlanning,Valuation,Funding,Liquidation,LegalDocumentation",Professional
a673d7f19fcd3b4d4b75dde2a48a8832,Language,"JapaneseLanguage,Kana,WritingSystem,BeginnerJapanese","Japanese,Kana,Hiragana,Katakana,Writing,Pronunciation,LanguageLearning,Beginner",General
f9321d95353e9d64d2e98481bb02124c,Communication,"ConflictResolution,InterpersonalCommunication,GroupDynamics,Mediation","ConflictResolution,Communication,Mediation,Negotiation,GroupConflict,Relationships,OrganizationalBehavior,Strategies",Enthusiast
ea554295729bfb76206947f7f6cb968e,Law,"PoliceExams,LawEnforcement,TestPrep,CriminalJustice","PoliceExam,LawEnforcement,TestPreparation,WrittenExam,PhysicalAptitude,OralBoard,StudyGuide,PracticeTests",Professional
c0eb130ea44e897494638465e046b97f,Medicine,"Pathophysiology,DiseaseMechanisms,ClinicalMedicine,HealthProfessions","Pathophysiology,Disease,Causes,Symptoms,Treatment,BodySystems,ClinicalCorrelations,Healthcare",Professional
9d9eb9606e255f7f0b8cc1c29983a3f7,Law,"Patents,IntellectualProperty,PatentSearching,LegalResearch","Patents,PatentSearching,IP,PriorArt,Trademarks,Copyright,PatentOffice,LegalResearch",Enthusiast
362ac659656dc6d6b35cad51cbb12538,Language,"JapaneseLanguage,Romanized,BeginnerJapanese,Conversation","Japanese,Romanized,Pronunciation,Beginner,LanguageLearning,Phrases,Grammar,Conversation",General
5118390061315809eb6ae2a0760fdae2,Travel,"Relocation,NewYorkCity,Moving,UrbanLiving","NewYorkCity,Relocation,Neighborhoods,Housing,Transportation,Lifestyle,JobMarket,Services",General
f79c61b8503d5775eac11049c544b31d,Engineering,"BarnBuilding,ShedConstruction,Outbuildings,DIY","Barns,Sheds,Outbuildings,BuildingPlans,Construction,Carpentry,Design,StepByStep",Enthusiast
bb6f543c6e312f7b756c5efab3aff8cf,Literature,"Poetry,AmericanLiterature,ModernistPoetry,CompleteWorks","EECummings,Poetry,Modernism,Experimental,Verse,Language,Imagery,CompletePoems",General
a996d56ca0460eea461dad81077be587,Investing,"DowJones,DividendInvesting,StockStrategy,LowRiskInvesting","BeatingTheDow,DowJones,Dividends,Strategy,BlueChips,PortfolioManagement,LowRisk,Returns",Enthusiast
faf99ab4afd98b398da053a0e6510ad6,Language,"JapaneseLanguage,Workbook,Practice,Exercises","Japanese,Workbook,Practice,Exercises,Writing,Reading,Comprehension,Review",General
ea554295729bfb76206947f7f6cb968e,Law,"PoliceExams,LawEnforcement,TestPrep,CriminalJustice","PoliceExam,LawEnforcement,TestPreparation,WrittenExam,PhysicalAptitude,OralBoard,StudyGuide,PracticeTests",Professional
e0d9f39ab73558f5694c96e123cd4211,Medicine,"InternalMedicine,BoardReview,SelfAssessment,ClinicalKnowledge","Harrison,InternalMedicine,BoardReview,SelfAssessment,ClinicalCases,DiseaseManagement,Diagnosis,Treatment",Professional
b20302de9b133caa880d43548832da73,Medicine,"InternalMedicine,BoardReview,SelfAssessment,ClinicalKnowledge","Harrison,InternalMedicine,BoardReview,SelfAssessment,ClinicalCases,DiseaseManagement,Diagnosis,Treatment",Professional
daa679600128175529c2ace8ae8d9782,Business,"Marketing,ConsumerBehavior,Branding,MarketResearch","Marketing,ConsumerBehavior,Branding,MarketResearch,Segmentation,Targeting,Positioning,Advertising",Professional
9399ee3d4dd0145ea1293b04822bf422,Law,"LegalReasoning,Jurisprudence,LegalAnalysis,Argumentation","Law,Reasoning,LegalMethod,Jurisprudence,Argumentation,CaseLaw,StatutoryInterpretation,Logic",Academic
35e7d14d44029d59be1c83026bab216e,Travel,"Sailing,HeavyWeather,Seamanship,Boating","HeavyWeather,Sailing,Storms,Seamanship,Navigation,Safety,BoatHandling,Survival",Enthusiast
267c325c578dabf60b4fd183ba441dc7,Astronomy,"Cosmology,CosmicEvolution,Universe,BigBang","Origins,CosmicEvolution,BigBang,Stars,Galaxies,Planets,NeilDeGrasseTyson,Universe",General
f56d2de4c062664fd837e0b2f13efe93,Art,"StarWars,Films,PopCulture,Entertainment","StarWars,TheLastJedi,Characters,Plot,BehindTheScenes,FilmAnalysis,Entertainment,Guide",General
72bdcb6a3571b323cf98e54971da8fa7,Business,"OperationsManagement,SupplyChain,Logistics,ProcessImprovement","OperationsManagement,SupplyChain,Logistics,Inventory,Quality,SixSigma,Forecasting,Lean",Professional
dfc6e2e6c577ed3dcb734716839c3931,Art,"Sculpture,MetalCasting,Foundry,Techniques","MetalCasting,Sculpture,Foundry,Bronze,MoldMaking,Wax,Patina,Techniques",Enthusiast
f633b161a8a2b0443c5442962c20d2be,History,"USHistory,FirstLadies,Biography,Politics","FirstLadies,USPresidents,WhiteHouse,History,Biography,MarthaWashington,MichelleObama,WomensHistory",General
dc347ea4bf59df356c92b90bc1242ba7,Entrepreneurship,"Invention,ProductDevelopment,Marketing,BusinessStartup","MomInventor,Invention,ProductDevelopment,Licensing,Patents,Marketing,FamilyBusiness,Entrepreneurship",Enthusiast
296c6c60aa28c66b635b4712fcf7dde4,Art,"Disney,Pixar,Characters,Animation","Disney,Pixar,Characters,AnimatedFilms,Encyclopedia,Facts,Trivia,Children",General
fdfcc3deb014ee03b1e6f922f542855f,Health,"TEASExam,NursingSchool,TestPrep,MedicalAdmission","TEAS,TestPrep,Nursing,Admission,Science,Math,Reading,StudyGuide",Professional
40917580bba065b1ffc6c309a9b1d883,Art,"DragonPatterns,DesignSourcebook,Crafts,FantasyArt","DragonPatterns,Fantasy,Design,Art,Crafts,Woodburning,Carving,Patterns",Enthusiast
efb0a56a6fe6898cfcb9b03baac78822,Art,"Woodburning,Pyrography,Craft,Techniques","Woodburning,Pyrography,Craft,Tools,Techniques,Designs,Wood,Projects",Enthusiast
87b52ecb1b9f6e2efe2fa72fd302c83d,Engineering,"EngineeringDrawing,CAD,TechnicalDrawing,Design","EngineeringDrawing,CAD,TechnicalDrawing,Design,Blueprints,Standards,Drafting,GeometricDimensioning",Professional
677274aa798f419d921d0d676ecd7337,Religion,"Demons,Occult,Mythology,Dictionary","Demons,Occult,Dictionary,Names,Mythology,Religion,Satanism,Reference",Enthusiast
092b22df9535380bfca2be4a4cdc7baa,Literature,"EnglishLiterature,LiteraryReference,Authors,Works","EnglishLiterature,Companion,Authors,Works,History,Criticism,Genres,Reference",General
46c2e8786d8a4d002e7bd13a6c7ca68a,Philosophy,"MoralPhilosophy,Ethics,AppliedEthics,MoralReasoning","MoralIssues,Ethics,Philosophy,AppliedEthics,Utilitarianism,Deontology,VirtueEthics,CaseStudies",Academic
9f4955f41ab90802107c9d4c96bfe2c2,Engineering,"SeparationProcesses,MassTransfer,ChemicalEngineering,UnitOperations","Separation,MassTransfer,Distillation,Extraction,ChemicalEngineering,ProcessDesign,UnitOperations,Column",Professional
5972b4086d60bb6631daed888614651f,Medicine,"EmergencyMedicine,CriticalCare,InternalMedicine,ClinicalPractice","EmergencyMedicine,CriticalCare,Davidson,Resuscitation,Trauma,Sepsis,IntensiveCare,Management",Professional
befad026640b71a6a0299aca1b5583c0,Business,"BottomOfPyramid,PovertyAlleviation,SocialEnterprise,InclusiveBusiness","BottomOfPyramid,Poverty,Eradication,Profits,SocialEnterprise,Innovation,Markets,Development",Enthusiast
a607856d3e43aa3d7becdb1508ddc815,Medicine,"ClinicalMedicine,SpecificChapters,InternalMedicine,Therapeutics","ClinicalMedicine,Davidson,Diagnosis,Treatment,OrganSystems,Specialties,EvidenceBased,Management",Professional
3f05116ba8eb20bc8c6465aafa6a6f5a,History,"USHistory,LatinoHistory,Immigration,CivilRights","Latinos,America,History,Immigration,CivilRights,Identity,Discrimination,Empire",General
2b53c878e2f5f3135cdaaad8bf38511d,Medicine,"MedicalFundamentals,ClinicalSkills,Diagnosis,Pathophysiology","MedicineFundamentals,Davidson,ClinicalSkills,Diagnosis,Pathophysiology,MedicalEducation,HistoryTaking,PhysicalExam",Professional
f658c872959198708dc25c1e4bbe7760,Health,"HeartHealth,Nutrition,Recipes,CardiovascularDisease","HeartHealth,Recipes,Nutrition,Cardiovascular,LowFat,LowSodium,Diet,AmericanHeartAssociation",General
4f940032e91e3012bd4b61dc2b72405e,Engineering,"AircraftElectronics,Aviation,ElectricalSystems,Troubleshooting","Aircraft,Electrical,Electronics,Avionics,Systems,Wiring,Maintenance,Diagnosis",Professional
3c3fe4c042cfe5c9de8e83523e90ca2b,Art,"Woodcarving,Craft,Techniques,Tools","Woodcarving,Carving,Craft,Tools,Techniques,Projects,Wood,Designs",Enthusiast
0e05b7189cfff0fc32c4bda0d120d5fe,Psychology,"Madness,MentalIllness,PersonalNarrative,Recovery","Madness,Psychology,MentalIllness,Recovery,Biography,PsychiatricHistory,PersonalStory,Stigma",General
03e955956683b59a566ba12e777e97f0,Health,"HearingLoss,CochlearImplants,PersonalJourney,AuditoryScience","Hearing,Deafness,CochlearImplants,Sound,Technology,PersonalJourney,Audiology,Rehabilitation",General
7a3f58ff688e85d7a692d354a722520d,Art,"Acting,TelevisionCommercials,Auditioning,Career","Acting,Commercials,Auditions,TV,Profession,Techniques,Marketing,Fun",Enthusiast
496c34a40e04f75927d8136c2c93ae74,Investing,"Stocks,LongTermInvesting,MarketReturns,PortfolioStrategy","Stocks,LongRun,Returns,Siegel,History,Strategy,Dividends,MarketTiming",Enthusiast
c9743eb26f70cb40d494d45c12c2c204,Medicine,"VeterinaryHistology,AnimalAnatomy,VeterinaryScience,Microscopy","Veterinary,Histology,Mammals,Birds,Anatomy,Microscopy,Tissues,Atlas",Professional
6d362f1fb371f6c341b422dc7fa7be4d,Engineering,"ElectricalInstallations,WiringRegulations,IET,SafetyStandards","WiringRegulations,BS7671,IET,Electrical,Safety,Installation,Standards,Compliance",Professional
a4a06da70318b3805466d88afa12888a,Business,"MaslowHierarchy,OrganizationalBehavior,EmployeeMotivation,Leadership","Maslow,Peak,Companies,Mojo,EmployeeEngagement,Leadership,Psychology,PeakPerformance",Enthusiast
1058b55b915a4ba55d0dc13b610a8966,Business,"Retail,Disruption,eCommerce,ConsumerBehavior","Retail,Shopping,Revolution,COVID19,eCommerce,ConsumerBehavior,Innovation,Strategy",Professional
210e157f0cb329fe5d37de1926483b69,Medicine,"InternalMedicine,ClinicalMedicine,DiseaseManagement,Therapeutics","Davidson,Medicine,Principles,Practice,Diagnosis,Treatment,Clinical,Disease",Professional
ab65756955b3ed1dc911cd5eeab22119,Engineering,"DeckBuilding,Projects,Design,Construction","DeckBuilding,Projects,Design,Construction,DIY,Woodworking,StepByStep,HomeImprovement",Enthusiast
52b1b9c4ea43dce593ae53e15ee97fb1,Law,"FirstNations,JudicialIndependence,Canada,IndigenousRights","FirstNations,JudicialIndependence,Canada,Equality,Myths,LegalCritique,Indigenous,Justice",Academic
5cd51c4d3a5d8176addb01b0b1459926,Health,"GIDiet,WeightLoss,Nutrition,BloodSugar","GIDiet,GlycemicIndex,WeightLoss,Nutrition,BloodSugar,LowGI,MealPlans,Health",General
c47ad0b17e9700c175511d9af14aa81d,Education,"SchoolAttendance,ChildAnxiety,ParentGuide,Education","SchoolAttendance,Anxiety,Parenting,ChildPsychology,Education,Truancy,Strategies,Intervention",General
3abd9052f0d28ceacb726b4ab30467be,Environmental Science,"Horticulture,Pruning,Orchard Management,Fruit Cultivation","Pruning Methods,Fruit Trees,Orchard Management,Tree Training,Crop Yield,Dormant Pruning,Summer Pruning,Plant Care",Enthusiast
dd7409151e02dd0dd3b59c34e78d32d2,Computer Science,"C Programming,Programming Fundamentals,Procedural Programming,Software Development","C Language,Pointers,Data Structures,Programming Concepts,Algorithms,Control Structures,File Handling,Memory Management",Professional
da9c9901630c9b15fb9480d5726cfe33,Computer Science,"Mobile Devices,iOS,Consumer Technology,User Guides","iPhone,iOS,Apple,Siri,Apps,Settings,Productivity,Troubleshooting",General
185d3d53f83dcf7f3f22196dc6317a1f,Computer Science,"C#,.NET,Windows Development,Object-Oriented Programming","C#,Visual Studio,.NET Framework,Windows Forms,ASP.NET,Entity Framework,Debugging,Software Engineering",Professional
1a35bf842ee70c6f18d8a2487102a1c7,Finance,"Fixed Income,Bond Markets,Portfolio Management,Financial Analysis","Bonds,Interest Rates,Yield Curves,Bond Pricing,Fixed Income Securities,Risk Management,Investment Strategies,Debt Markets",Professional
819b60c8e72427286fd84b82873ebae0,Computer Science,"Web Development,Ruby on Rails,MVC Framework,Full-Stack Development","Ruby,Rails,Ruby on Rails,HTML,CSS,JavaScript,Database,Web Applications",Professional
1682823e8ca3b414acca2db682998e76,Computer Science,"C#,.NET Core,Cross-Platform Development,.NET 7","C# 11,.NET 7,ASP.NET Core,Entity Framework,Blazor,Cross-Platform,CLI,Containers",Professional
d2f29af8003e808cfc044e469ed73912,Computer Science,"Java,Programming Language,JVM,Core Libraries","Java 17,Object-Oriented,Concurrency,Collections,JVM,Generics,Streams,Lambda",Professional
97c8b9e746f85f0de8626eef26c71a61,Self-Help,"Parenting,Child Behavior,Discipline,Boundaries","Parenting Strategies,Strong-Willed Child,Setting Boundaries,Conflict Resolution,Positive Discipline,Child Psychology,Respectful Communication,Behavior Management",General
8e79a9cd50246e373de123e921bb6e67,Religion,"Christian Living,Sexual Purity,Marriage,Accountability","Sexual Temptation,Purity,Christian Men,Marriage,Accountability,Freedom,Spiritual Warfare,Redemption",General
8f657ecacd70981fcf93a6a1a0e34a41,Data Science,"Data Visualization,Business Intelligence,Tableau Dashboards,Analytics","Tableau,Data Visualization,Dashboards,Data Analysis,BI,Reports,Data Blending,Calculations",Professional
202ce548f6ffc009a178fab58feff160,Engineering,"SustainableDesign,BuildingSystems,ConstructionManagement,GreenBuilding","sustainable construction,building materials,energy efficiency,LEED,green design,structural systems,building codes,environmental impact",Professional
1264b96d5b6ef85d4e889b60d4f96e6e,Travel,"Hiking,NationalParks,OutdoorRecreation,UtahTravel","hiking trails,Zion National Park,Bryce Canyon,southwestern Utah,canyon hiking,trail guide,outdoor adventure,national park travel",General
f80bf8a34c1ac6dabafe9c6bdac0b19e,Language,"LibraryScience,Cataloging,SubjectHeadings,InformationOrganization","library cataloging,subject classification,Sears List,controlled vocabulary,information retrieval,metadata,library reference,indexing",Professional
5ec69a7b1b8d515d47542b91e06098c4,Computer Science,"WebDevelopment,HTML5,CSS,ResponsiveDesign","responsive web design,HTML5,CSS3,front-end development,web layout,mobile-first design,web standards,coding techniques",Professional
946f0889feea807a90159f4dda59ee70,Computer Science,"LinuxAdministration,ShellScripting,CommandLine,OperatingSystems","Linux,shell scripting,command line,bash,system administration,scripting,Linux commands,automation",Professional
6f3f47db8cd76429b2543424a9b9aa6d,Mathematics,"MathematicalEconomics,Calculus,LinearAlgebra,Optimization","mathematics for economics,solutions manual,calculus,linear algebra,optimization,economic models,mathematical methods,problem solving",Academic
8e5c18f40e3e47be2cda5a5280930ea5,Art,"FurnitureRestoration,Woodworking,DIY,HomeImprovement","furniture refinishing,furniture repair,wood restoration,stripping paint,staining,varnishing,DIY furniture,antique restoration",General
76694a3e31318e0059559ce45de1e719,Literature,"EnglishLiterature,VictorianEra,ClassicNovels,Fiction","Charles Dickens,classic literature,Victorian novels,Oliver Twist,David Copperfield,Great Expectations,A Tale of Two Cities,literary collection",General
aef3ad94f82251d901d41b77158cb496,Engineering,"TechnicalDrawing,CAD,Drafting,EngineeringGraphics","engineering drawing,technical drafting,CAD,orthographic projection,dimensioning,geometric drawing,engineering graphics,blueprint reading",Professional
78be08fa0ac0e18caef19bb13b30838d,Computer Science,"C++,ProgrammingLanguages,SoftwareDevelopment,Object-OrientedProgramming","C++,programming,Bjarne Stroustrup,object-oriented programming,STL,C++11,C++14,language tour",Professional
89036c0724f183ffbb2c1c4bc9727a62,Business,"ProjectManagement,PMBOK,BusinessManagement,Processes","project management,PMBOK,forms,templates,project planning,process management,project control,management tools",Professional
4a753374e8863fd055e5d70f6ce1b80a,Language,"EnglishGrammar,ESL,LanguageLearning,GrammarReference","English grammar,Raymond Murphy,grammar exercises,ESL,verb tenses,prepositions,sentence structure,language learning",General
60ee0b85e3686153ccb65cfd5b405e18,Physics,"Physics,ExamPreparation,JEEMain,CompetitiveExams","JEE Main,physics questions,exam preparation,mechanics,electromagnetism,optics,modern physics,problem solving",Academic
472684a67db275fe21924ff7f05360a8,Mathematics,"Mathematics,ExamPreparation,JEEMain,CompetitiveExams","JEE Main,mathematics questions,exam preparation,algebra,calculus,geometry,trigonometry,problem solving",Academic
cf72df2232e4044019c937f68a0a22a5,Language,"LanguageAcquisition,Linguistics,SecondLanguageLearning,AppliedLinguistics","language learning,second language acquisition,teaching methods,linguistic theory,child language,bilingualism,classroom research,pedagogical approaches",Academic
aaca563662f865723b6a314734d4f453,Computer Science,"Java,Programming,SoftwareDevelopment,Object-OrientedProgramming","Java,Cay Horstmann,core Java,programming,object-oriented,Java SE,Java libraries,coding",Professional
1e3c5fda18f8587eec9ced100b71fd5d,Data Science,"RProgramming,DataAnalysis,Statistics,DataVisualization","R programming,data analysis,statistical computing,data visualization,R language,statistical modeling,data science,RStudio",Professional
3f9c9bc1c5e7214c971a5f1a085d46b8,Art,"FeministArt,ArtHistory,GenderStudies,ContemporaryArt","feminism,feminist art,women artists,art history,gender,activism,visual culture,contemporary art",General
f3dc6e9afed0eee6dea500797adee5af,Computer Science,"Gaming,Survival,Minecraft,VideoGames","Minecraft,survival mode,crafting,building,gaming guide,gameplay,tips,strategies",General
c0bdf379761b5ebea77fc7ab8638d777,History,"WorldWarI,BritishHistory,PoliticalHistory,WarStudies","World War I,causes of war,British politics,1914,diplomatic history,imperialism,pre-war tensions,historical analysis",Academic
b1647b1081e34f561ecc74d166bbebde,Art,"FilmPhotography,PhotographyTechniques,AnalogPhotography,Darkroom","film photography,35mm,medium format,large format,darkroom,developing,analog photography,photographic techniques",Enthusiast
11b7c7cac060ba9016694baa3ac050a4,Marketing,"Copywriting,Advertising,MarketingWriting,ContentCreation","copywriting,advertising,marketing,persuasion,writing for design,brand messaging,content marketing,sales copy",Enthusiast
54885dae4278d73ab1402422c00af607,Health,"BabyNames,Parenting,Reference,Naming","baby names,naming,baby naming ideas,name meanings,popular names,unique names,baby guide,parenting reference",General
fd073aaff392d3286300468de77a9c2c,Literature,"AdventureFiction,NauticalFiction,ClassicLiterature,BritishLiterature","Harry Collingwood,adventure novels,sea stories,19th century fiction,nautical adventures,illustrated works,complete works,literary collection",General
b28e6bcf7d56cf19331cf2e328cfe32a,Business,"ResumeWriting,CareerDevelopment,JobSearch,ProfessionalSkills","resume writing,job search,career advice,cover letters,interview tips,professional skills,career change,job applications",Enthusiast
3e72541dff200a35aa888f5c05fab23c,Investing,"OptionsTrading,InvestmentStrategies,Derivatives,RiskManagement","options selling,option strategies,income generation,bull market,bear market,risk management,derivatives,trading guide",Enthusiast
c139c56bf6439a7eec8dd9812c75f524,Computer Science,"Linux,OperatingSystems,SystemAdministration,OpenSource","Linux,operating system,system administration,command line,installation,configuration,networking,open source",Professional
2f1fe3b1905231802a717477b4f07329,Travel,"RoadTrips,MontanaTravel,ScenicDrives,NationalParks","scenic driving,Montana,Glacier National Park,Beartooth Highway,road trips,travel guide,Western US,outdoor travel",General
37a831a02b901b871081c394be47bad2,Health,"Pregnancy,NaturalHealth,HolisticMedicine,Women'sHealth","natural pregnancy,childbirth,organic pregnancy,herbs,nutrition,holistic health,prenatal care,midwifery",General
00000cca645a6f9e287236857794215c,Physics,"Physics,APExam,TestPreparation,HighSchoolScience","AP Physics 1,test preparation,physics questions,exam practice,kinematics,dynamics,energy,waves",Academic
cefcfe6680128e7ac062e28ef97ca6bf,Literature,"BritishLiterature,VictorianFiction,WomenWriters,ClassicNovels","Mrs. Humphry Ward,Mary Augusta Ward,Victorian literature,social novels,complete works,illustrated,British authors,literary collection",General
37792b4e9f171c0afb3ad97daadda311,Art,"FrenchCuisine,CookingTechniques,CulinaryArts,ProfessionalCooking","Jacques Pépin,cooking techniques,French cooking,culinary skills,kitchen methods,recipes,chef,gastronomy",Enthusiast
a4cd5e591dd70b1d2d83b8e123552049,Language,"EnglishVocabulary,ESL,LanguageLearning,VocabularyBuilding","English vocabulary,ESL,vocabulary practice,beginning learners,word usage,exercises,language skills,learning English",General
dd883c367c9e8fc21c1c490ef9987124,Travel,"AvalancheSafety,BackcountryTravel,WildernessSkills,RiskManagement","avalanche safety,backcountry skiing,avalanche risk,snow science,rescue techniques,mountain safety,outdoor survival,winter travel",Enthusiast
d7627d8a9d2050e581b5248859fa0f54,Travel,"LondonTravel,TravelGuide,EuropeTravel,CulturalTourism","London,travel guide,Rick Steves,sightseeing,attractions,museums,historical sites,budget travel",General
03d3467d3fa8c95ccb6587da89e552d2,Computer Science,"WindowsServer,SystemAdministration,ITInfrastructure,NetworkAdministration","Windows Server 2022,server administration,Active Directory,networking,IT management,system configuration,security,administration fundamentals",Professional
2771792cb36b7bd7208daf228566ac2c,Engineering,"SolarEnergy,DIY,RenewableEnergy,HomeImprovement","solar projects,DIY solar,solar panels,renewable energy,off-grid,energy efficiency,home solar,solar power",Enthusiast
9bdf306f3ae0b1954ace2dcf4a6b275a,Cybersecurity,"PenetrationTesting,EthicalHacking,NetworkSecurity,Cybersecurity","penetration testing,ethical hacking,Windows security,Linux security,network scanning,vulnerability assessment,exploitation,security tools",Professional
f933d23b17793c0ee576d89e7b11b973,Biology,"ReptileCare,BeardedDragons,ExoticPets,AnimalHusbandry","bearded dragon,reptile care,pet care,habitat,diet,health,behavior,lizard care",General
c248d8555c8375941aa65582b0dabbfb,Art,"Cookbook,AmericanCuisine,CookingTechniques,KitchenTips","America's Test Kitchen,cookbook,recipes,product ratings,cooking tips,kitchen equipment,TV show,comprehensive",Enthusiast
b4a90c6a62d73b3369914e7fcf3d8d39,Engineering,"BuildingCodes,Construction,Architecture,RegulatoryCompliance","building code,IBC,construction standards,safety regulations,architectural design,code enforcement,structural requirements,building inspection",Professional
7a68ea79985c387ff07f0c1290fbe806,Music,"Banjo,BluegrassMusic,MusicInstruction,InstrumentalTechnique","Earl Scruggs,banjo,bluegrass,banjo technique,musical notation,picking style,instructional,music book",Enthusiast
b17c8e932d8c1fdc7c6e820bdc886918,Computer Science,"Google,Productivity,OnlineTools,DigitalSkills","Google tips,Google tricks,Gmail,Google Drive,Google Search,productivity hacks,online tools,digital literacy",General
0330360b620cb17afc213fefbf48521a,Medicine,"ColonandRectalSurgery,SurgicalTechniques,MedicalIllustrations,ClinicalPractice","colorectal surgery,surgical tips,Cleveland Clinic,medical procedures,colon surgery,rectal surgery,surgical techniques,clinical guide",Professional
b72b1d8621e66ecc0bcba3c366050a91,Sociology,"Ufology,Paranormal,PopularCulture,Folklore","UFOs,aliens,unexplained phenomena,sightings,conspiracy theories,extraterrestrial,ufology,encyclopedia",General
1e8baf0e06d82dfa8e5f6c22578f0683,Business,"CustomerService,FeedbackManagement,ComplaintHandling,CustomerLoyalty","customer complaints,feedback,customer loyalty,service recovery,communication,business improvement,conflict resolution,customer experience",Enthusiast
e559c7d1278395b76d85b8ea37bfdee9,Computer Science,"ScientificComputing,EngineeringEducation,LearningMethods,ProblemSolving","Richard Hamming,learning to learn,scientific thinking,engineering,mathematics,computing,problem solving,creativity",Academic
3b5e571ad3429560420a89f837831ab6,Medicine,"Pharmacognosy,Phytochemistry,HerbalMedicine,NaturalProducts","pharmacognosy,phytochemistry,medicinal plants,natural products,herbal drugs,phytochemicals,drug discovery,secondary metabolites",Professional
7cf51b5142e1866c8efabe85d464e936,Art,"QuickCooking,AmericanCuisine,CookingMethods,KitchenTechniques","Mark Bittman,fast cooking,recipes,weeknight dinners,cooking techniques,kitchen efficiency,meal prep,easy meals",General
89f045a35c2e5d258b5d9d4404b46818,Medicine,"VeterinaryMedicine,EmergencyCare,FelineMedicine,CriticalCare","feline emergency,critical care,veterinary,cat diseases,emergency medicine,trauma,intensive care,animal health",Professional
da70c849def4283cb5d99b4fd2ea8a66,Travel,"NationalParks,USTravel,OutdoorRecreation,Hiking","US national parks,travel guide,hiking,camping,state parks,nature,outdoor adventure,Moon guides",General
2779af7e1c2acfa0f9c746b856b82f27,Art,"ArtHistory,Paintings,ModernArt,NorwegianArt","Edvard Munch,paintings,art collection,modern art,The Scream,expressionism,Norwegian artist,illustrated",General
03a906460da4caaa82150962268bc7b7,Philosophy,"CriticalThinking,Logic,Argumentation,AcademicWriting","critical thinking,reasoning,arguments,logic,writing skills,analysis,persuasive writing,problem solving",Academic
48d25411f653b6e332ff45cae118c69b,History,"JapaneseAmericanInternment,Memoir,CivilRights,GraphicNovel","George Takei,Japanese internment,World War II,civil rights,historical memoir,graphic novel,discrimination,American history",General
1a4f1a47171b14ed6d7654119dc63e34,Engineering,"AutoCAD,CADSoftware,Drafting,2D/3DDesign","AutoCAD,CAD,drafting,design,2D CAD,3D modeling,engineering design,software tutorial",Professional
b1534414414d3da680be2769f4d2a1ab,Investing,"QuantitativeFinance,PortfolioManagement,EquityAnalysis,InvestmentStrategies","quantitative investing,portfolio construction,equity portfolio,risk management,factor models,alpha,active management,financial modeling",Professional
ca6d479cfa9686444868b34d73ec2e04,Art,"ChineseCuisine,HomeCooking,TakeoutRecipes,AsianCooking","Chinese takeaway,Chinese recipes,fakeaway,stir-fry,dim sum,noodles,authentic Chinese,cooking",General
92b648a120eaae9f3f805a03bc6e4e2f,Engineering,"Soldering,Electronics,DIY,Hardware","soldering,electronics,beginner guide,circuit board,through-hole,surface mount,tools,techniques",Enthusiast
1390bc1e221e5c959afc0ddbcb21c6e0,Engineering,"ProjectManagement,PrimaveraP6,Scheduling,ConstructionManagement","Primavera P6,project scheduling,project management,construction planning,software tips,planning,management tools,Oracle",Professional
4874f44e9361c6ef0ac1504ae04d33fa,Computer Science,"GameDevelopment,UnrealEngine,C++,3DGraphics","Unreal Engine 5,game development,C++,3D graphics,blueprints,game design,virtual reality,real-time rendering",Professional
349e21e3689dd11b825462a5ae8f09bd,Business,"DataAnalytics,Accounting,BusinessIntelligence,FinancialAnalysis","data analytics,accounting,business analytics,financial data,data visualization,Excel,SQL,audit analytics",Professional
7f30ea150d2c9ef5e0f9577664c371c1,Literature,"Essays,Memoir,NewYorkCity,UrbanLife","New York City,essays,leaving New York,personal stories,urban life,writers,anthology,city living",General
f6585cc2ecf35557f2ef556293ad1e07,Art,"Woodworking,OutdoorFurniture,DIYProjects,GardenDesign","outdoor furniture,woodworking plans,garden projects,DIY,building furniture,bench,table,patio",Enthusiast
1ca94afc2284a8cfef26ce8335c841b5,Self-Help,"CareerPlanning,CareerDevelopment,TeenGuidance,JobSearch","career guidance,job search,self-discovery,teen career,dream job,planning,work life,self-assessment",General
cd544a7e87f1a98fa9450e5b317f68aa,Biology,"Botany,Brewing,Plants,Beverages","beer,botany,hops,brewing,plants,beer ingredients,illustrated guide,botanical",Enthusiast
c3703f4145709bbeb867e25010403ce0,Medicine,"PainMedicine,Anesthesiology,MedicalProcedures,Complications","pain management,complications,procedures,interventional pain,anesthesia,medical guide,safety,clinical practice",Professional
b87c1f7bab3a754efb4e194670b292ca,Mathematics,"Geometry,Geodesics,MathematicalModeling,Topology","geodesics,sphere subdivision,mathematical geometry,polyhedra,spherical geometry,design,computational geometry,architecture",Academic
84c147ee6ae51803f019cf211a4ef7dc,Physics,"NuclearPhysics,ManhattanProject,Weapons,ScientificHistory","atomic bomb,Los Alamos,Manhattan Project,nuclear fission,physics primer,Robert Serber,weapon design,historical science",Academic
96b13c2f7ec131d1991f4a542db2baec,Business,"FinancialAccounting,CorporateFinance,AccountingPrinciples,FinancialStatements","financial accounting,corporate finance,accounting,balance sheet,income statement,cash flows,GAAP,financial reporting",Academic
b795b34a464650e802f9ecbdb5bc8a1e,Biology,"Botany,PlantTaxonomy,Nomenclature,Horticulture","plant names,botanical nomenclature,taxonomy,plant classification,scientific names,Latin names,botanical terminology,plant identification",Professional
196c1bf30f937f783448d27903f21b37,Artificial Intelligence,"Human-ComputerInteraction,AI,WorkDesign,UserExperience","human-computer interaction,artificial intelligence,work experience,UX design,human factors,cognitive ergonomics,low desire society,conference proceedings",Academic
552a65d1d81d03a884e07dd9911e3436,Art,"Desserts,Baking,Pastry,CookingTechniques","desserts,baking,recipes,sweets,pastry,cake,cookies,America's Test Kitchen",Enthusiast
2bf25e5dad43dac0e7418714a2b479b0,History,"IrishHistory,TheTroubles,PoliticalConflict,NorthernIreland","The Troubles,Belfast,Derry,Northern Ireland conflict,Irish history,civil rights,political violence,historical analysis",Academic
e6571db877abc3d05133835ae18fa696,Data Science,"SQL,DataAnalytics,Database,DataQuerying","SQL,data analytics,database queries,data extraction,data analysis,SQL queries,business intelligence,reporting",Professional
7737517003f5225bbdbf8c9d400022e1,Business,"BusinessLaw,SmallBusiness,Entrepreneurship,LegalGuide","small business law,legal guide,entrepreneurship,business formation,contracts,liability,intellectual property,business regulations",Enthusiast
8a18298bd61b594dd438dcd901eaeddb,Biology,"CannabisCultivation,Horticulture,PlantScience,Agriculture","cannabis growing,marijuana cultivation,hemp,gardening,plant care,hydroponics,strain selection,crop management",Enthusiast
21dc18f4370b69ba9162a612fe223fe0,Religion,"Mythology,ClassicalMythology,Folklore,Religion","mythology,Greek myths,Roman myths,Norse myths,legends,folklore,Bulfinch,classical literature",General
ad9f7a0ce27e26adafb86f2b7a23820e,Computer Science,"AndroidDevelopment,Kotlin,MobileApps,SoftwareEngineering","Android,Kotlin,app development,mobile apps,real-world apps,tutorial,Android Studio,programming",Professional
c3764c8c14a95f6209beca2f56ebc701,Philosophy,"AncientPhilosophy,Aristotle,Ethics,Metaphysics","Aristotle,philosophy,ethics,metaphysics,logic,politics,complete works,ancient Greek",Academic
a2e22eec133ce72376cbae766fc48a58,Literature,"Fantasy,GameofThrones,Worldbuilding,IllustratedHistory","Targaryen,Game of Thrones,George R.R. Martin,Westeros,fantasy history,dragon,illustrated,dynasties",General
49ed9381da4fb87b8794c1e929acb1dc,Art,"Printmaking,MixedMedia,TextileArt,Monoprint","gelli printing,monoprinting,fabric printing,art techniques,mixed media,printmaking,plate,creative",Enthusiast
3c9e8d4b12c055e5bd1479b2099e0de0,Biology,"Birding,FieldGuide,Ornithology,Wildlife","birds,field guide,identification,western North America,birding,David Sibley,illustrations,species",Enthusiast
f671d7af9a76d8033fc6864695bd9090,Business,"Salesforce,CRM,SalesManagement,BusinessSoftware","Salesforce,CRM,beginners,sales automation,cloud software,customer relationship,business tools,administration",Enthusiast
360fb59345786c7c07f53ed4f73ef1cf,Art,"KidsCooking,Cookbook,FamilyCooking,YouthCooking","kids cooking,recipes,young chefs,family meals,easy recipes,cooking basics,kid-friendly,America's Test Kitchen",General
e328d64e9268aea8e2c776ed921cb965,Literature,"AncientGreekLiterature,Letters,Satire,ClassicalWorks","Alciphron,ancient Greek,letters,satire,classical literature,illustrated works,complete works,literary collection",Academic
3cf7e444412677488dbf7a3ea9c5af65,Mathematics,"Geometry,Mathematics,TestPreparation,HighSchoolMath","geometry,math study guide,online practice,theorems,proofs,angles,shapes,test prep",Academic
a07e2ef5b97641ce4a2ef39117754daf,Finance,"CorporateFinance,FinancialModeling,Valuation,InvestmentBanking","corporate finance,financial modeling,valuation,capital budgeting,risk management,financial analysis,CFA,investment",Professional
7fca81e0857456369beff3d2b7a17b5a,Mathematics,"CodingTheory,LinearCodes,Combinatorics,InformationTheory","linear codes,coding theory,combinatorial designs,error-correcting codes,information theory,mathematics,cryptography,algebraic codes",Academic
d85434bff7044aae911ca536740d040e,Literature,"AncientGreekLiterature,Poetry,Mythology,ClassicalWorks","Parthenius,ancient Greek,poetry,mythological tales,classical literature,illustrated works,complete works,literary collection",Academic
bb34ba44a1900bf0b4eb9d762b077e84,Medicine,"Dermatology,SkinDiseases,ClinicalDiagnosis,MedicalReference","dermatology,skin conditions,diagnosis,treatment,rashes,skin cancer,clinical guide,medical text",Professional
39468595a2fcf0c0f6f4b0f6e5ff3ea0,Cybersecurity,"InformationSecurity,CISM,RiskManagement,SecurityManagement","CISM,information security,security management,risk management,IT governance,certification,audit,security review",Professional
c4af70855571cde24f09046d78c4538d,Literature,"LatinLiterature,Satire,Poetry,ClassicalWorks","Persius,Latin satire,poetry,classical literature,Roman literature,complete works,illustrated,literary collection",Academic
6e4b09b30fd48d90d947523caa07e9a3,Literature,"EnglishLiterature,Shakespeare,Drama,Plays","William Shakespeare,plays,sonnets,tragedy,comedy,history,complete works,illustrated",General
0ed01101223830c49f689127a6688f03,Art,"Beer,Brewing,Beverages,FoodPairing","beer,brewing,beer styles,craft beer,history,tasting,beer guide,food pairing",Enthusiast
e852162e2471bfca0803fff4a2ac373b,Self-Help,"Self-Improvement,LifeAdvice,PersonalGrowth,Wisdom","rules of life,personal development,self-help,wisdom,life philosophy,guidance,success,habits",General
21659af2e26ec5e2da2524f468c96e8e,History,"AmericanHistory,Presidents,PoliticalWritings,Biography","Theodore Roosevelt,presidential writings,American history,politics,conservation,speeches,letters,complete works",General
78066363689afc903d89256ebd5804d7,Engineering,"StructuralDynamics,EarthquakeEngineering,WindEngineering,StructuralAnalysis","structural dynamics,earthquake engineering,wind load,dynamic analysis,building design,seismic,civil engineering,structural response",Professional
3187b5aa516e39dc4483e796da956dc7,Education,"EducationalTechnology,GoogleClassroom,OnlineLearning,TeachingTools","Google Classroom,online teaching,distance learning,classroom management,educational technology,step-by-step guide,digital classroom,teacher guide",General
fc01d51ccfebaab0e75a6cb8e15b2c81,Travel,"CapeCod,Martha'sVineyard,Nantucket,TravelGuide","Cape Cod,Martha's Vineyard,Nantucket,travel guide,New England,beaches,attractions,vacation",General
